<application>
  <component name="MaterialThemeConfig">
    <option name="contrastMode" value="true" />
    <option name="highlightColorEnabled" value="true" />
    <option name="isHighlightColorEnabled" value="true" />
    <option name="isContrastMode" value="true" />
    <option name="isWizardShown" value="true" />
    <option name="pristineConfig" value="false" />
    <option name="tabFontSizeEnabled" value="true" />
    <option name="tabFontSize" value="16" />
    <option name="settingsSelectedTab" value="5" />
    <option name="accentColor" value="665caf" />
    <option name="selectedTheme" value="NATIVE" />
    <option name="userId" value="6da0cbef:1769bb73e89:-8000" />
    <option name="version" value="5.5.0" />
  </component>
</application>